/*
 Navicat Premium Data Transfer

 Source Server         : MySQL
 Source Server Type    : MySQL
 Source Server Version : 50718
 Source Host           : localhost
 Source Database       : bookStoreTest

 Target Server Type    : MySQL
 Target Server Version : 50718
 File Encoding         : utf-8

 Date: 07/19/2017 11:05:59 AM
*/

SET NAMES utf8;
SET FOREIGN_KEY_CHECKS = 0;

-- ----------------------------
--  Table structure for `book`
-- ----------------------------
DROP TABLE IF EXISTS `book`;
CREATE TABLE `book` (
  `id` int(11) NOT NULL AUTO_INCREMENT,
  `bookName` varchar(50) DEFAULT NULL,
  `author` varchar(100) DEFAULT NULL,
  `price` float DEFAULT NULL,
  `introduce` varchar(500) DEFAULT NULL,
  `publisher` varchar(100) DEFAULT NULL,
  `isbn` bigint(20) DEFAULT NULL,
  `repertory` int(11) DEFAULT NULL,
  `cover` varchar(400) DEFAULT NULL,
  `type` int(11) DEFAULT NULL,
  PRIMARY KEY (`id`)
) ENGINE=InnoDB AUTO_INCREMENT=53 DEFAULT CHARSET=utf8;

-- ----------------------------
--  Records of `book`
-- ----------------------------
BEGIN;
INSERT INTO `book` VALUES ('1', ' 房思琪的初戀樂園 ', '林奕含', '72.2', '令人心碎卻無能為力的真實故事。 性、權力、升學主義──青澀的表皮、變態社會的日常 如果這件事情正在發生，我們要怎麼假裝世界上沒有人以強暴小女孩為樂？ 「我下... ', '游擊文化', '9789869236478', '995', 'https://img3.doubanio.com/mpic/s29315484.jpg', '0'), ('2', '巨人的陨落：世纪三部曲', '肯·福莱特', '129.8', '在第一次世界大战的硝烟中，每一个迈向死亡的生命都在热烈地生长——威尔士的矿工少年、刚失恋的美国法律系大学生、穷困潦倒的俄国兄弟、富有英俊的英格兰伯爵，以及痴... ', '江苏凤凰文艺出版社', '9787539989891', '998', 'https://img3.doubanio.com/mpic/s28668834.jpg', '0'), ('3', '解忧杂货店', '东野圭吾', '39.5', '现代人内心流失的东西，这家杂货店能帮你找回—— 僻静的街道旁有一家杂货店，只要写下烦恼投进卷帘门的投信口，第二天就会在店后的牛奶箱里得到回答。 因男友身患绝... ', '南海出版公司', '9787544270878', '1000', 'https://img3.doubanio.com/mpic/s27264181.jpg', '0'), ('4', '新名字的故事：那不勒斯四部曲-02', '埃莱娜·费兰特', '59', '只有你身为女人 才会知道这些丑陋的秘密 两个女人 50年的友谊和战争 如何成为那个更强大的她，又不被她战胜 那不勒斯四部曲NO.2 《我的天才女友》后续， ... ', '人民文学出版社', '9787020125265', '1000', 'https://img3.doubanio.com/mpic/s29376146.jpg', '0'), ('5', '世界的凛冬：世纪三部曲2', '肯·福莱特', '132', '我亲眼目睹，每一个迈向死亡的生命都在热烈地生长。 全球读者平均3个通宵读完的超级小说《巨人的陨落》的续篇！ 火遍全球的20世纪人类史诗“世纪三部曲”第二部。... ', '江苏凤凰文艺出版社', '9787539999074', '999', 'https://img1.doubanio.com/mpic/s29331058.jpg', '0'), ('6', '外婆的道歉信', '弗雷德里克·巴克曼', '42', '内容简介： 七岁的爱莎有个古怪又疯狂的外婆，会埋伏在雪堆里吓唬邻居，把重要的事情记在墙上因为墙不会丢，半夜从医院溜出来带着爱莎翻进动物园，在阳台上用彩弹枪射... ', '天津人民出版社', '9787201116693', '1000', 'https://img3.doubanio.com/mpic/s29459533.jpg', '0'), ('7', '鱼王', '维·阿斯塔菲耶夫', '1.6', '《鱼王》是阿斯塔菲耶夫的代表作。作者把它的体裁界定为“寓于短篇小说中的叙述”。其中有的篇章是作者的经历，有的则是作者的见闻，没有贯串始终的主人公，没有精心编... ', '上海译文出版社', '101880304', '1000', 'https://img1.doubanio.com/mpic/s1503387.jpg', '0'), ('8', '追风筝的人', '卡勒德·胡塞尼', '29', '12岁的阿富汗富家少爷阿米尔与仆人哈桑情同手足。然而，在一场风筝比赛后，发生了一件悲惨不堪的事，阿米尔为自己的懦弱感到自责和痛苦，逼走了哈桑，不久，自己也跟... ', '上海人民出版社', '9787208061644', '999', 'https://img3.doubanio.com/mpic/s1727290.jpg', '0'), ('9', '百年孤独', '加西亚·马尔克斯', '39.5', '《百年孤独》是魔幻现实主义文学的代表作，描写了布恩迪亚家族七代人的传奇故事，以及加勒比海沿岸小镇马孔多的百年兴衰，反映了拉丁美洲一个世纪以来风云变幻的历史。... ', '南海出版公司', '9787544253994', '998', 'https://img3.doubanio.com/mpic/s6384944.jpg', '0'), ('10', '霍乱时期的爱情', '加西亚·马尔克斯', '39.5', '★马尔克斯唯一正式授权，首次完整翻译 ★《霍乱时期的爱情》是我最好的作品，是我发自内心的创作。——加西亚•马尔克斯 ★这部光芒闪耀、令人心碎的作品是人类有史... ', '南海出版公司', '9787544258975', '1000', 'https://img3.doubanio.com/mpic/s11284102.jpg', '0'), ('11', '杀死一只知更鸟', '哈珀·李', '32', '成长总是个让人烦恼的命题。成长有时会很缓慢，如小溪般唱着叮咚的歌曲趟过，有时却如此突如其来，如暴雨般劈头盖脸……三个孩子因为小镇上的几桩冤案经历了猝不及防的... ', '译林出版社', '9787544722766', '999', 'https://img3.doubanio.com/mpic/s23128183.jpg', '0'), ('12', '月亮和六便士', '毛姆', '15', '一个英国证券交易所的经纪人，本已有牢靠的职业和地位、美满的家庭，但却迷恋上绘画，像“被魔鬼附了体”，突然弃家出走，到巴黎去追求绘画的理想。他的行径没有人能够... ', '上海译文出版社', '9787532739547', '1000', 'https://img1.doubanio.com/mpic/s2659208.jpg', '0'), ('13', '活着', '余华', '12', '地主少爷福贵嗜赌成性，终于赌光了家业一贫如洗，穷困之中的福贵因为母亲生病前去求医，没想到半路上被国民党部队抓了壮丁，后被解放军所俘虏，回到家乡他才知道母亲已... ', '南海出版公司', '9787544210966', '1000', 'https://img3.doubanio.com/mpic/s23836852.jpg', '0'), ('14', '恋情的终结', '格雷厄姆·格林', '58', '二战期间的英国伦敦，作家莫里斯爱上公务员亨利的妻子萨拉。一次意外事件导致萨拉不辞而别， 莫里斯在恨和嫉妒中度过了两年。两年后 ，他们再次相遇，当初那段感情中... ', '江苏凤凰文艺出版社', '9787539979410', '1000', 'https://img3.doubanio.com/mpic/s29399872.jpg', '0'), ('15', '我的天才女友：那不勒斯四部曲-01', '埃莱娜·费兰特', '42', '只有你身为女人才会知道这些丑陋的秘密 两个女人，50年的友谊和战争 过去五年，几乎所有欧美读者都在谈论她、 全球畅销百万册 被翻译成40种语言 《金融时报》... ', '人民文学出版社', '9787020120130', '1000', 'https://img1.doubanio.com/mpic/s29164777.jpg', '0'), ('16', '吃鲷鱼让我打嗝', '杰西·艾森伯格', '49', '演员×剧作家×小说家、导演×制片×编剧 杰西•艾森伯格 首部短篇小说集、同名美剧拍摄中 《吃鲷鱼让我打嗝》是杰西•艾森伯格创作的首部短篇小说集。全书以“吃鲷... ', '人民文学出版社', '9787020120963', '1000', 'https://img1.doubanio.com/mpic/s29419007.jpg', '0'), ('17', '围城', '钱锺书', '19', '《围城》是钱钟书所著的长篇小说。第一版于1947年由上海晨光出版公司出版。1949年之后，由于政治等方面的原因，本书长期无法在中国大陆和台湾重印，仅在香港出... ', '人民文学出版社', '9787020024759', '999', 'https://img3.doubanio.com/mpic/s1070222.jpg', '0'), ('18', '斯通纳', '约翰·威廉斯', '39', '《斯通纳》讲述了生命中最重要的部分：爱，认同，怜悯，志业，傲骨，信任与死亡。 一个勇者有过的失败不失意的人生：即使不能拥有完美的生活，所幸追求过完整的自我。... ', '上海人民出版社', '9787208130500', '1000', 'https://img3.doubanio.com/mpic/s28332051.jpg', '0'), ('19', '平凡的世界（全三部）', '路遥', '64', '《平凡的世界》是一部现实主义小说，也是一部小说形式的家族史。作者浓缩了中国西北农村的历史变迁过程，在小说中全景式地表现了中国当代城乡的社会生活。在近十年的广... ', '人民文学出版社', '9787020049295', '1000', 'https://img3.doubanio.com/mpic/s1144911.jpg', '0'), ('20', '1984', '乔治·奥威尔', '28', '★村上春树以《1Q84》向本书致敬 ★著名学者刘绍铭经典译本内地首次出版 ★62种文字风靡110个国家，全球销量超过5000万册 ★《时代周刊》“最好的10... ', '北京十月文艺出版社', '9787530210291', '1000', 'https://img1.doubanio.com/mpic/s4371408.jpg', '0'), ('21', '红楼梦', '曹雪芹', '59.7', '《红楼梦》是一部百科全书式的长篇小说。以宝黛爱情悲剧为主线，以四大家族的荣辱兴衰为背景，描绘出18世纪中国封建社会的方方面面，以及封建专制下新兴资本主义民主... ', '人民文学出版社', '9787020002207', '1000', 'https://img1.doubanio.com/mpic/s1070959.jpg', '0'), ('22', '我们仨', '杨绛', '18.8', '《我们仨》是钱钟书夫人杨绛撰写的家庭生活回忆录。1998年，钱钟书逝世，而他和杨绛唯一的女儿钱瑗已于此前（1997年）先他们而去。在人生的伴侣离去四年后，杨... ', '生活·读书·新知三联书店', '9787108018809', '1000', 'https://img3.doubanio.com/mpic/s1015872.jpg', '0'), ('23', '时间的果', '黎戈', '39.8', '《时间的果》是作家黎戈的最新随笔精选集。本书分为“叶舟”和“根岸”两个部分，“叶舟”收录了作者的文学艺术评论：帕蒂斯密斯的致青春、永井荷风的慢走慢爱、爱因斯... ', '北京联合出版公司', '9787550294370', '1000', 'https://img3.doubanio.com/mpic/s29446323.jpg', '0'), ('24', '目送', '龙应台', '39', '目送共由七十四篇散文组成，是为一本极具亲情、感人至深的文集。由父亲的逝世、母亲的苍老、儿子的离开、朋友的牵挂、兄弟的携手共行，写出失败和脆弱、失落和放手，写... ', '生活·读书·新知三联书店', '9787108032911', '1000', 'https://img1.doubanio.com/mpic/s3984108.jpg', '0'), ('25', '这些人，那些事', '吴念真', '28', '吴念真累积多年、珍藏心底的体会与感动。 他写的每个故事，都蕴藏了我们无法预知的生命能量与心灵启发。 跟他一起回望人生种种，您将学会包容、豁达与感恩…… 本书... ', '译林出版社', '9787544717731', '1000', 'https://img3.doubanio.com/mpic/s6828981.jpg', '0'), ('26', '天龙八部', '金庸', '96', '天龙八部乃金笔下的一部长篇小说，与《射雕》，《神雕》等 几部长篇小说一起被称为可读性最高的金庸小说。《天龙》的故事情节曲折，内容丰富，也曾多次被改编为... ', '三联书店', '9787108006721', '1000', 'https://img1.doubanio.com/mpic/s23632058.jpg', '1'), ('27', '笑傲江湖', '金庸', '76.8', '《笑傲江湖》是金庸1967年写的一部武侠小说，属于金庸的后期作品。 ', '生活·读书·新知三联书店', '9787108006639', '1000', 'https://img3.doubanio.com/mpic/s2157335.jpg', '1'), ('28', '神雕侠侣', '金庸', '76.8', '《神雕侠侣》是金庸作品集之一。其主人公杨过自然而然地走上了非正统的人生道路，入了“道流”。其特点是“至情至性，实现自我”，即把个人的利益、情感、个性及人格尊... ', '三联书店', '9787108006660', '1000', 'https://img3.doubanio.com/mpic/s26018916.jpg', '1'), ('29', '射雕英雄传', '金庸', '47', '《射雕英雄传》是金庸的代表作之一，作于一九五七年到一九五九年，在《香港商报》连载。《射雕》中的人物个性单纯，郭靖诚朴厚重、黄蓉机智狡狯，读者容易印象深刻。这... ', '生活·读书·新知三联书店', '9787108012586', '1000', 'https://img3.doubanio.com/mpic/s2157336.jpg', '1'), ('30', '鹿鼎记', '金庸', '108', '《鹿鼎记》是金庸创作的最后一部小说，也是他最重要的代表作。 小说讲的是一个从小在扬州妓院长大的小孩韦小宝，他以不会任何武功之姿态闯江湖各大帮会、周旋皇帝朝臣... ', '广州出版社 花城出版社', '9787806553404', '1000', 'https://img3.doubanio.com/mpic/s3134040.jpg', '1'), ('31', '倚天屠龙记', '金庸', '69.9', '《倚天屠龙记》，金庸武侠小说，著于1961年，是“射雕三部曲”系列第三部，现收录在《金庸作品集》中。该书以元末群雄纷起、江湖动荡为广阔背景，叙述武当弟子张无... ', '三联书店', '9787108012692', '1000', 'https://img1.doubanio.com/mpic/s1829709.jpg', '1'), ('32', ' 哥德尔、艾舍尔、巴赫  : 集异璧之大成 ', '侯世达', '88', '集异璧－GEB，是数学家哥德尔、版画家艾舍尔、音乐家巴赫三个名字的前缀。《哥德尔、艾舍尔、巴赫书：集异璧之大成》是在英语世界中有极高评价的科普著作，曾获得普... ', '商务印书馆', '9787100013239', '1000', 'https://img1.doubanio.com/mpic/s1789059.jpg', '2'), ('33', '人类简史：从动物到上上帝', '尤瓦尔·赫拉利', '68', '十万年前，地球上至少有六种不同的人 但今日，世界舞台为什么只剩下了我们自己？从只能啃食虎狼吃剩的残骨的猿人，到跃居食物链顶端的智人，从雪维洞穴壁上的原始...', '中信出版社', '9787508660752', '1000', 'https://img3.doubanio.com/lpic/s29357031.jpg', '2'), ('34', '失控：全人类的最终命运和结局', '凯文·凯利', '88', '《失控》，全名为《失控：机器、社会与经济的新生物学》（Out of Control: The New Biology of Machines, Social... ', '东西文库', '9787513300711', '1000', 'https://img3.doubanio.com/mpic/s4554820.jpg', '2'), ('35', '人类的智慧', '叔本华', '28', '他于1850年写了《附录和补遗》一书，《人生的智慧》是该书中的一部分。在书中，他以优雅的文体，格言式的笔触阐述了自己对人生的看法。《人生的智慧》使沉寂多年的... ', '上海人民出版社', '9787208081178', '1000', 'https://img3.doubanio.com/mpic/s4619775.jpg', '2'), ('36', '苏菲的世界', '乔斯坦·贾德', '26.8', '《苏菲的世界》是讲14岁的少女苏菲某天放学回家，发现了神秘的一封信。—你是谁？—世界从哪里来？就这样，在某个神秘导师的指引下，苏菲开始思索，从古希腊到康德、...', '作家出版社', '9787506309745', '1000', 'https://img3.doubanio.com/lpic/s2153661.jpg', '2'), ('37', '理想国', '柏拉图', '28', '《理想国》涉及柏拉图思想体系的各个方面，包括哲学、伦理、教育、文艺、政治等内容，主要是探讨理想国家的问题。 《理想国》一书是柏拉图的一篇重要对话录，对话录里...', '商务印书馆', '9787100017565', '1000', 'https://img3.doubanio.com/mpic/s1068535.jpg', '2'), ('38', '少有人走的路 : 心智成熟的旅程', 'M·斯科特·派克', '26', '这本书处处透露出沟通与理解的意味，它跨越时代限制，帮助我们探索爱的本质，引导我们过上崭新，宁静而丰富的生活；它帮助我们学习爱，也学习独立；它教诲我们成为更称...', '吉林文史出版社', '9787807023777', '1000', 'https://img3.doubanio.com/mpic/s2144391.jpg', '3'), ('39', '把时间当作朋友 : 运用心智获得解放', '李笑来', '32', '这本书从心智成长的角度来谈时间管理，指出时间管理是成功的关键所在。作者引述自己从事的职业中所遇到的事例，告诉我们：如何打开心智，如何运用心智来和时间做朋友，...', '电子工业出版社', '9787121087097', '1000', 'https://img3.doubanio.com/mpic/s3778613.jpg', '3'), ('40', '人性的弱点全集', '戴尔·卡耐基', '25', '《人性的弱点全集》汇集了卡耐基的思想精华和最激动人心的内容，是作者最成功的励志经典，出版后立即获得了广大读者的欢迎，成为西方世界最持久的人文畅销书。主要内容...', '中国发展出版社', '9787800875830', '1000', 'https://img3.doubanio.com/mpic/s27266511.jpg', '3'), ('41', '高效能人士的七个习惯（精华版）', '史蒂芬·柯维', '29', '史蒂芬・柯维（Stephen R.Covey）哈佛大学企业管理硕士，杨百翰大学博士。他是柯维领导中心的创始人，也是富兰克林柯维公司（Franklin Cov...', '中国青年出版社', '9787500649038', '1000', 'https://img3.doubanio.com/mpic/s1067863.jpg', '3'), ('42', '富爸爸，穷爸爸', '罗伯特・T・清崎、莎伦・L・莱希特', '18.8', '《富爸爸，穷爸爸》是一个真实的故事，作者罗伯特・清崎的亲生父亲和朋友的父亲对金钱的看法截然不同，这使他对认识金钱产生了兴趣，最终他接受了朋友的父亲的建议，也...', '世界图书出版公司', '9787506246743', '1000', 'https://img3.doubanio.com/mpic/s1429010.jpg', '3'), ('43', '布鲁克林有棵树', '贝蒂·史密斯（Betty Smith) ', '28', '这是一本关于生存的书，讲述阅读如何让卑微的生命变得高贵，讲述知识如何改变人的修为与命运，讲述家庭的力量如何支撑孩子实现自己的梦想。 二十世纪初的纽约布鲁克林...', '译林出版社', '9787544709422', '1000', 'https://img1.doubanio.com/mpic/s3865447.jpg', '3'), ('44', '计算机程序的构造和解释 : 原书第2版', 'Harold Abelson、Gerald Jay Sussman、Julie Sussman', '45', '《计算机程序的构造和解释(原书第2版)》1984年出版，成型于美国麻省理工学院(MIT)多年使用的一本教材，1996年修订为第2版。在过去的二十多年里，《计...', '机械工业出版社', '9787111135104', '1000', 'https://img3.doubanio.com/mpic/s1113106.jpg', '4'), ('45', '代码大全（第2版）', '史蒂夫·迈克康奈尔', '128', '第2版的《代码大全》是著名IT畅销书作者史蒂夫·迈克康奈尔11年前的经典著作的全新演绎：第2版不是第一版的简单修订增补，而是完全进行了重写；增加了很多与时俱...', '电子工业出版社', '9787121022982', '1000', 'https://img1.doubanio.com/mpic/s1495029.jpg', '4'), ('46', '编码 : 隐匿在计算机软硬件背后的语言', 'Charles Petzold', '55', '本书讲述的是计算机工作原理。作者用丰富的想象和清晰的笔墨将看似繁杂的理论阐述得通俗易懂，你丝毫不会感到枯燥和生硬。更重要的是，你会因此而获得对计算机工作原理...', '电子工业出版社', '9787121106101', '1000', 'https://img3.doubanio.com/mpic/s4379914.jpg', '4'), ('47', 'C程序设计语言 : 第 2 版·新版', '（美）Brian W. Kernighan、（美）Dennis M. Ritchie', '30', '在计算机发展的历史上，没有哪一种程序设计语言像C语言这样应用广泛。本书原著即为C语言的设计者之一Dennis M.Ritchie和著名计算机科学家Brian...', ' 机械工业出版社', '9787111128069', '1000', 'https://img3.doubanio.com/mpic/s1106934.jpg', '4'), ('48', '深入理解计算机系统', 'Randal E.Bryant、David O\'Hallaron', '85', '从程序员的视角，看计算机系统！ 本书适用于那些想要写出更快、更可靠程序的程序员。通过掌握程序是如何映射到系统上，以及程序是如何执行的，读者能够更好的理解程序...', '中国电力出版社', '9787508321752', '1000', 'https://img3.doubanio.com/mpic/s1470003.jpg', '4'), ('49', '算法导论（原书第2版）', 'Thomas H.Cormen、Charles E.Leiserson、Ronald L.Rivest、Clifford Stein', '85', '这本书深入浅出，全面地介绍了计算机算法。对每一个算法的分析既易于理解又十分有趣，并保持了数学严谨性。本书的设计目标全面，适用于多种用途。涵盖的内容有：算法在...', '机械工业出版社', '9787111187776', '1000', 'https://img1.doubanio.com/mpic/s1959967.jpg', '4'), ('50', '编程珠玑 : 第2版', 'Jon Bentley', '39', '本书是计算机科学方面的经典名著。书的内容围绕程序设计人员面对的一系列实际问题展开。作者Jon Bentley 以其独有的洞察力和创造力，引导读者理解这些问题...', '人民邮电出版社', '9787115179289', '1000', 'https://img3.doubanio.com/mpic/s4687321.jpg', '4'), ('51', '黑客与画家 : 硅谷创业之父Paul Graham文集', 'Paul Graham', '49', '本书是硅谷创业之父Paul Graham 的文集，主要介绍黑客即优秀程序员的爱好和动机，讨论黑客成长、黑客对世界的贡献以及编程语言和黑客工作方法等所有对计算...', '人民邮电出版社', '9787115249494', '1000', 'https://img3.doubanio.com/mpic/s4669554.jpg', '4'), ('52', 'Java编程思想 （第4版）', 'Bruce Eckel ', '108', '本书赢得了全球程序员的广泛赞誉，即使是最晦涩的概念，在Bruce Eckel的文字亲和力和小而直接的编程示例面前也会化解于无形。从Java的基础语法到最高级...', '机械工业出版社', '9787111213826', '1000', 'https://img1.doubanio.com/mpic/s2553047.jpg', '4');
COMMIT;

-- ----------------------------
--  Table structure for `collection`
-- ----------------------------
DROP TABLE IF EXISTS `collection`;
CREATE TABLE `collection` (
  `id` int(11) NOT NULL AUTO_INCREMENT,
  `collectorID` int(11) DEFAULT NULL,
  `bookID` int(11) DEFAULT NULL,
  `bookName` varchar(50) DEFAULT NULL,
  `bookPrice` float DEFAULT NULL,
  `bookCover` varchar(400) DEFAULT NULL,
  PRIMARY KEY (`id`),
  KEY `collecterID` (`collectorID`),
  KEY `bookID` (`bookID`),
  CONSTRAINT `collection_ibfk_1` FOREIGN KEY (`collectorID`) REFERENCES `user` (`id`),
  CONSTRAINT `collection_ibfk_2` FOREIGN KEY (`bookID`) REFERENCES `book` (`id`)
) ENGINE=InnoDB AUTO_INCREMENT=49 DEFAULT CHARSET=utf8;

-- ----------------------------
--  Records of `collection`
-- ----------------------------
BEGIN;
INSERT INTO `collection` VALUES ('26', '3', '9', '百年孤独', '39.5', 'https://img3.doubanio.com/mpic/s6384944.jpg'), ('27', '3', '10', '霍乱时期的爱情', '39.5', 'https://img3.doubanio.com/mpic/s11284102.jpg'), ('28', '3', '15', '我的天才女友：那不勒斯四部曲-01', '42', 'https://img1.doubanio.com/mpic/s29164777.jpg'), ('29', '3', '16', '吃鲷鱼让我打嗝', '49', 'https://img1.doubanio.com/mpic/s29419007.jpg'), ('35', '2', '9', '百年孤独', '39.5', 'https://img3.doubanio.com/mpic/s6384944.jpg'), ('36', '2', '2', '巨人的陨落：世纪三部曲', '129.8', 'https://img3.doubanio.com/mpic/s28668834.jpg'), ('37', '3', '11', '杀死一只知更鸟', '32', 'https://img3.doubanio.com/mpic/s23128183.jpg'), ('38', '3', '7', '鱼王', '1.6', 'https://img1.doubanio.com/mpic/s1503387.jpg'), ('39', '3', '25', '这些人，那些事', '28', 'https://img3.doubanio.com/mpic/s6828981.jpg'), ('40', '3', '1', ' 房思琪的初戀樂園 ', '72.2', 'https://img3.doubanio.com/mpic/s29315484.jpg'), ('46', '2', '52', 'Java编程思想 （第4版）', '108', 'https://img1.doubanio.com/mpic/s2553047.jpg'), ('47', '2', '1', ' 房思琪的初戀樂園 ', '72.2', 'https://img3.doubanio.com/mpic/s29315484.jpg'), ('48', '2', '3', '解忧杂货店', '39.5', 'https://img3.doubanio.com/mpic/s27264181.jpg');
COMMIT;

-- ----------------------------
--  Table structure for `comment`
-- ----------------------------
DROP TABLE IF EXISTS `comment`;
CREATE TABLE `comment` (
  `id` int(11) NOT NULL AUTO_INCREMENT,
  `bookID` int(11) DEFAULT NULL,
  `buyerID` int(11) DEFAULT NULL,
  `commentTime` date DEFAULT NULL,
  `content` varchar(400) DEFAULT NULL,
  `buyerName` varchar(50) DEFAULT NULL,
  PRIMARY KEY (`id`),
  KEY `bookID` (`bookID`),
  KEY `buyerID` (`buyerID`),
  CONSTRAINT `comment_ibfk_1` FOREIGN KEY (`bookID`) REFERENCES `book` (`id`),
  CONSTRAINT `comment_ibfk_2` FOREIGN KEY (`buyerID`) REFERENCES `user` (`id`)
) ENGINE=InnoDB AUTO_INCREMENT=9 DEFAULT CHARSET=utf8;

-- ----------------------------
--  Records of `comment`
-- ----------------------------
BEGIN;
INSERT INTO `comment` VALUES ('1', '9', '2', '2017-06-17', '看第3遍开始越来越让我惊艳的已不是马尔克斯而是译者了。太牛逼了！这样的文字就算是母语创作也属上乘。尤其倒数第二代布恩迪亚在飓风中破译羊皮卷的全书结尾，笔触磅礴，美到让人惊怖。', 'sam199510'), ('2', '9', '3', '2017-06-17', '每个人都是孤独地出生，在这世间恍惚几十年并不漫长的日子转眼就远去了，然后再孤独地死去。 生命注定是个悲剧，因为我们从没有融入世界，世界永远是身外之物。如果有幸，能在茫茫人海寻得一个身体与灵魂都与自己万分契合的人，与之存在一种可以称之为爱情的联系，然后一起承受生命中不可逃离不可消除的深沉的宿命的孤独。可是这般的幸运艰深难得。有的已失去了爱的能力，有的爱的深沉却无处安放，有的死在这爱里……在所有的爱里，孤独有增无减。 生命只是一场幻梦。', 'tom199404'), ('3', '1', '3', '2017-06-17', '看小说的时候身体会有一些本能的战栗的反应。fb上林奕含说好多人告诉她觉得小说太苦了读不下去，她只觉得羡慕，小说可以说不读了就不读了，她却有整个人生要活下去。当然现在看也更唏嘘，人生这本书，她终究也还是读不下去了。', 'tom199404'), ('4', '1', '3', '2017-06-17', '第二次购买这夲书，从中读出了这种感觉！我原谅他，是为了活下去；你们不能原谅他，是为了更多的孩子能活下去。', 'tom199404'), ('5', '1', '2', '2017-06-19', '这本书很好', 'sam199510'), ('6', '5', '2', '2017-06-20', '这本书很有道理', 'sam199510'), ('7', '1', '2', '2017-06-20', '太难受了。一想到基本都是作者的亲身经历，就更难受了。小说的最后强加了一个所谓释然的结尾，可现实中的作者最后不还是选择了用死亡来逃避所有残酷。愈发觉得，如果能够过上一种庸俗而正常的生活，已经太过幸运。', 'sam199510'), ('8', '2', '2', '2017-06-26', '', 'sam199510');
COMMIT;

-- ----------------------------
--  Table structure for `indent`
-- ----------------------------
DROP TABLE IF EXISTS `indent`;
CREATE TABLE `indent` (
  `id` int(11) NOT NULL AUTO_INCREMENT,
  `buyerID` int(11) DEFAULT NULL,
  `bookID` int(11) DEFAULT NULL,
  `bargainTime` datetime DEFAULT NULL,
  `buyerAddress` varchar(300) DEFAULT NULL,
  `bookName` varchar(50) DEFAULT NULL,
  `bookCover` varchar(400) DEFAULT NULL,
  `bookPrice` float DEFAULT NULL,
  `bookPublisher` varchar(100) DEFAULT NULL,
  `commentState` int(11) DEFAULT NULL,
  `buyerMobile` bigint(20) DEFAULT NULL,
  `buyerName` varchar(50) DEFAULT NULL,
  PRIMARY KEY (`id`),
  KEY `buyerID` (`buyerID`),
  KEY `bookID` (`bookID`),
  KEY `buyerID_2` (`buyerID`),
  KEY `bookID_2` (`bookID`),
  CONSTRAINT `indent_ibfk_2` FOREIGN KEY (`bookID`) REFERENCES `book` (`id`),
  CONSTRAINT `indent_ibfk_3` FOREIGN KEY (`buyerID`) REFERENCES `user` (`id`)
) ENGINE=InnoDB AUTO_INCREMENT=14 DEFAULT CHARSET=utf8;

-- ----------------------------
--  Records of `indent`
-- ----------------------------
BEGIN;
INSERT INTO `indent` VALUES ('4', '2', '9', '2017-06-15 20:10:26', '浙江省嘉兴海宁市长安镇陆泽村夏水角67号', '百年孤独', 'https://img3.doubanio.com/mpic/s6384944.jpg', '39.5', '南海出版公司', '1', '17826807795', 'sam199510'), ('5', '2', '17', '2017-06-15 20:10:44', '浙江省嘉兴海宁市长安镇陆泽村夏水角67号', '围城', 'https://img3.doubanio.com/mpic/s1070222.jpg', '19', '人民文学出版社', '0', '17826807795', 'sam199510'), ('6', '3', '9', '2017-06-17 13:44:07', '浙江省嘉兴海宁市周王庙镇云龙村三组2号', '百年孤独', 'https://img3.doubanio.com/mpic/s6384944.jpg', '39.5', '南海出版公司', '1', '13819056834', 'tom199404'), ('7', '3', '1', '2017-06-17 23:01:54', '浙江省嘉兴海宁市周王庙镇云龙村三组2号', ' 房思琪的初戀樂園 ', 'https://img3.doubanio.com/mpic/s29315484.jpg', '72.2', '游擊文化', '1', '13819056834', 'tom199404'), ('8', '3', '1', '2017-06-17 23:04:39', '浙江省嘉兴海宁市周王庙镇云龙村三组2号', ' 房思琪的初戀樂園 ', 'https://img3.doubanio.com/mpic/s29315484.jpg', '72.2', '游擊文化', '1', '13819056834', 'tom199404'), ('9', '2', '1', '2017-06-19 13:32:14', '浙江省嘉兴海宁市长安镇陆泽村夏水角67号', ' 房思琪的初戀樂園 ', 'https://img3.doubanio.com/mpic/s29315484.jpg', '72.2', '游擊文化', '1', '17826807795', 'sam199510'), ('10', '2', '2', '2017-06-20 14:44:52', '浙江省嘉兴海宁市长安镇陆泽村夏水角67号', '巨人的陨落：世纪三部曲', 'https://img3.doubanio.com/mpic/s28668834.jpg', '129.8', '江苏凤凰文艺出版社', '0', '17826807795', 'sam199510'), ('11', '2', '5', '2017-06-20 16:31:35', '浙江省嘉兴海宁市长安镇陆泽村夏水角67号', '世界的凛冬：世纪三部曲2', 'https://img1.doubanio.com/mpic/s29331058.jpg', '132', '江苏凤凰文艺出版社', '1', '17826807795', 'sam199510'), ('12', '2', '1', '2017-06-20 18:52:32', '浙江省嘉兴海宁市长安镇陆泽村夏水角67号', ' 房思琪的初戀樂園 ', 'https://img3.doubanio.com/mpic/s29315484.jpg', '72.2', '游擊文化', '1', '17826807795', 'sam199510'), ('13', '2', '2', '2017-06-26 10:03:59', '浙江省嘉兴海宁市长安镇陆泽村夏水角67号', '巨人的陨落：世纪三部曲', 'https://img3.doubanio.com/mpic/s28668834.jpg', '129.8', '江苏凤凰文艺出版社', '1', '17826807795', 'sam199510');
COMMIT;

-- ----------------------------
--  Table structure for `user`
-- ----------------------------
DROP TABLE IF EXISTS `user`;
CREATE TABLE `user` (
  `id` int(11) NOT NULL AUTO_INCREMENT,
  `userName` varchar(50) NOT NULL,
  `password` varchar(30) NOT NULL,
  `mobile` bigint(20) DEFAULT NULL,
  `address` varchar(300) DEFAULT NULL,
  PRIMARY KEY (`id`),
  KEY `userName` (`userName`)
) ENGINE=InnoDB AUTO_INCREMENT=8 DEFAULT CHARSET=utf8;

-- ----------------------------
--  Records of `user`
-- ----------------------------
BEGIN;
INSERT INTO `user` VALUES ('1', 'admin', 'admin', '17826800000', '浙江省杭州市西湖区留和路318号浙江科技学院'), ('2', 'sam199510', '123456', '17826807795', '浙江省嘉兴海宁市长安镇陆泽村夏水角67号'), ('3', 'tom199404', '123456', '13819056834', '浙江省嘉兴海宁市周王庙镇云龙村三组2号'), ('4', 'jerry199010', 'qwerty', '17826802580', '浙江省杭州留下镇浙江科技学院A2 510'), ('7', 'sam1995', '12369', '13526322362', '浙江省杭州留下镇浙江科技学院A2 508');
COMMIT;

SET FOREIGN_KEY_CHECKS = 1;
